fold,r,r2,rmse,mae
1.0,0.9818289587826438,0.9639881043042103,0.02408779443539374,0.012150378585400643
2.0,0.9780057595690173,0.9564952657501704,0.021897650915384752,0.01093869618580901
3.0,0.9709861892224955,0.9428141796608238,0.025855490714915334,0.010779217446241926
4.0,0.9928039237554755,0.9856596310242681,0.017033574736505925,0.010217584657112764
5.0,0.9831247528823663,0.9665342797300138,0.0267778809372081,0.014037968342141516
6.0,0.9831518985482847,0.9665876556190967,0.028997114574199734,0.015769452816118502
7.0,0.98645371565947,0.9730909331383746,0.022418177709048682,0.011767376621364713
