Dataset,num_of_folds,Features,Targets,Model,r_mean,r_std,r2_mean,r2_std,rmse_mean,rmse_std,mae_mean,mae_std,num_of_data
CO2_Soleimani,7,"Polymer_manual_aug,T_K,P_Mpa",exp_CO2_sol_g_g,RF,0.9824589232407044,0.0063231493205261865,0.9652655180726137,0.01241389320333537,0.02374572212976108,0.003348410689326772,0.012205805423128458,0.0017173145798428165,2779
