fold,r,r2,rmse,mae
1.0,0.5579226992886573,0.31127773838154155,2.8245288700614894,2.1566254423845996
2.0,0.30862359237699966,0.09524852177168444,2.8979213464940528,2.163693444670142
3.0,0.5339839353557609,0.28513884321802546,2.4727031798549692,1.9950417681298818
4.0,0.4250432484203652,0.18066176302773632,2.7124289260487853,2.0564761200065726
5.0,0.49284464908727,0.2428958481339543,3.0007135964547333,2.368941742329984
