Dataset,num_of_folds,Features,Targets,Model,r_mean,r_std,r2_mean,r2_std,rmse_mean,rmse_std,mae_mean,mae_std,num_of_data
OPV_Min,5,Augmented_SMILES,calc_PCE_percent,BRT,0.4636836249058106,0.08967741577897932,0.22304454290658843,0.0776698091697029,2.781659183782806,0.18087906298958353,2.148155703504236,0.12720743378728458,3330
