fold,r,r2,rmse,mae
1.0,0.9152766327594217,0.8377313144754254,0.37169048522142245,0.18958534388826243
2.0,0.9081557977490664,0.8247469529852433,0.3907468704765431,0.18828402439746647
3.0,0.9590696821533939,0.9198146552258121,0.4470796003095241,0.2180758474165639
4.0,0.9041986072548402,0.8175751213615928,0.47254317406770485,0.2473745861121748
5.0,0.8673072042570993,0.7522217865562657,0.579208542538836,0.17492323302432414
6.0,0.949143033997772,0.9008724989864958,0.3456713758741756,0.18393388427960927
