fold,r,r2,rmse,mae
1.0,0.8815526965490287,0.7771351567928638,0.5215725193520981,0.2394068822118064
2.0,0.8710538723572292,0.7587348485485241,0.4159342847073021,0.1848935537806529
3.0,0.9476198275802322,0.897983337623189,0.5020996706512123,0.2551144392034839
4.0,0.890116341893879,0.7923071021065409,0.4704826154927797,0.2137421976601758
5.0,0.8570162760554592,0.7344768974239669,0.6307840538066426,0.23882350575198677
6.0,0.9429790435756568,0.8892094766228603,0.3576513553161688,0.18932685768998728
