fold,r,r2,rmse,mae
1.0,0.8722578321800447,0.7608337257994311,0.06162986801478906,0.04531860438391332
2.0,0.8468020257680984,0.7170736708449551,0.06535782820327127,0.05026133084345137
3.0,0.8134201675043411,0.6616523689027903,0.0720038447292042,0.05052012556543566
4.0,0.887801549347711,0.7881915910241962,0.06547586229957518,0.04963372821893111
5.0,0.8708208796115725,0.7583290043674729,0.07336517183609773,0.05144397886209584
6.0,0.8640685580294446,0.7466144729750837,0.07764253737882659,0.051236618993518085
7.0,0.8845171543120905,0.7823705962723586,0.06585309774094968,0.048538611015320296
