Dataset,num_of_folds,Features,Targets,Model,r_mean,r_std,r2_mean,r2_std,rmse_mean,rmse_std,mae_mean,mae_std,num_of_data
CO2_Soleimani,7,"Augmented_SMILES,T_K,P_Mpa",exp_CO2_sol_g_g,SVM,0.8628125952504718,0.023743897039347848,0.7450093471694698,0.04039051800337271,0.06876117288610195,0.005241030339866395,0.04956471398323796,0.0019571147197784437,2521
