fold,r,r2,rmse,mae
1.0,0.9439961477804105,0.8911287270242546,0.0459500379094583,0.03674902687691408
2.0,0.9138054531723273,0.8350404062474824,0.04509234820565617,0.033653062913586114
3.0,0.9317700872337793,0.8681954954636447,0.04118751095619138,0.029953109002861442
4.0,0.9630762295471457,0.9275158239187464,0.042139746441319355,0.03238708414895831
5.0,0.9536830720948865,0.9095114020003404,0.04708518622909603,0.035538458294909196
6.0,0.9553076175157299,0.9126126440835801,0.047612069395016124,0.039008956597621276
7.0,0.9241946535725848,0.85413575769215,0.053708473285595484,0.039135568513184164
