Dataset,num_of_folds,Features,Targets,Model,r_mean,r_std,r2_mean,r2_std,rmse_mean,rmse_std,mae_mean,mae_std,num_of_data
CO2_Soleimani,7,"Polymer_manual_aug,T_K,P_Mpa",exp_CO2_sol_g_g,SVM,0.9408333229881233,0.016770999272029005,0.8854486080614571,0.031482350178322065,0.04611076748890469,0.00381723549086565,0.035203609478290654,0.003170087246190271,2779
