fold,r,r2,rmse,mae
1.0,0.6607009107354498,0.43652569344665276,2.5393181514079894,1.6997931462297784
2.0,0.6032537924117183,0.3639151380591205,2.2599268529146883,1.6815127271767236
3.0,0.7080193004285157,0.5012913297792847,2.0473097795244297,1.6038887315396997
4.0,0.5431350659814926,0.2949956998987204,2.5123671359498343,1.8859205179636247
5.0,0.6072046174204347,0.3686974474166965,2.761584654198385,2.0333988669553595
