Dataset,num_of_folds,Features,Targets,Model,r_mean,r_std,r2_mean,r2_std,rmse_mean,rmse_std,mae_mean,mae_std,num_of_data
OPV_Min,5,DA_manual_aug,calc_PCE_percent,BRT,0.6244627373955222,0.05595847857640547,0.39308506172009505,0.07023225471593886,2.4241013147990653,0.2465302796750716,1.780902797973037,0.15657210981373543,1986
