fold,r,r2,rmse,mae
1.0,0.9884384920911551,0.9770106526474365,0.0195964559366836,0.010114485751332156
2.0,0.9918387738574505,0.9837441533270508,0.013592293968586423,0.007729547171408702
3.0,0.9900775803974738,0.9802536152057163,0.015211077070463166,0.007999801022881921
4.0,0.9963042564070489,0.9926221713348026,0.012693763902720555,0.007633836435494945
5.0,0.9895936453232139,0.9792955828640869,0.021050863137454977,0.009895888304070836
6.0,0.9955284458905277,0.9910768865772093,0.014609499089490517,0.00950628919406835
7.0,0.9949165492473012,0.9898589399661576,0.013776515180221348,0.0070450892785361395
