Dataset,num_of_folds,Features,Targets,Model,r_mean,r_std,r2_mean,r2_std,rmse_mean,rmse_std,mae_mean,mae_std,num_of_data
CO2_Soleimani,7,"Polymer_manual_aug,T_K,P_Mpa",exp_CO2_sol_g_g,BRT,0.9923853918877387,0.002943265853592524,0.9848374288460657,0.005842280666770138,0.0157900668979458,0.002984848231742715,0.00856070530825615,0.001149701296942733,2779
