fold,r,r2,rmse,mae
1.0,0.13902630605254707,0.019328313774616485,9.597171568155868,4.256329109806672
2.0,0.9634336023212907,0.928204306081779,1.7926200022769518,1.5298685875755444
3.0,0.5036109778113574,0.25362401697211157,7.0387545614997435,3.6052143158007004
4.0,0.577022703305841,0.33295520013038066,4.392717135073891,2.8485542138633857
5.0,0.8588913890433514,0.7376944181728176,3.3668659470772244,2.325705271071522
6.0,0.7899934185892958,0.6240896014144024,3.8826309618480965,2.236618024853179
7.0,0.2962791025255639,0.08778130659335359,7.3136491458780295,4.768304361199587
