Dataset,num_of_folds,Features,Targets,Model,r_mean,r_std,r2_mean,r2_std,rmse_mean,rmse_std,mae_mean,mae_std,num_of_data
OPV_Min,5,DA_SELFIES,calc_PCE_percent,SVM,0.590205702983727,0.10221244622961143,0.3587901559987566,0.10786988136076195,2.527401069971813,0.22154571704506007,1.9199062836988054,0.14538641049476317,555
