fold,r,r2,rmse,mae
1.0,0.6421357143121393,0.41233827559516145,2.602790080759943,1.8384685731904056
2.0,0.5529365442886733,0.3057388220099,2.374378975617203,1.7522534704549317
3.0,0.6837485215743156,0.4675120407550624,2.1273604295202437,1.6621514233125172
4.0,0.6086849547686249,0.370497374161683,2.3771787083582585,1.8043720416368547
5.0,0.5919012120136039,0.3503470447831733,2.7641389822548956,2.0672026102210768
