fold,r,r2,rmse,mae
1.0,0.4633153745773785,0.21466113631977654,10.636693307100243,7.075468193754873
2.0,-0.058482734070502945,0.003420230184361166,8.428675258715126,6.334743533017895
3.0,-0.18872790612985468,0.03561822255215924,13.468166378079895,9.44969294396605
4.0,0.5450266222685906,0.2970540189815089,5.390445131906323,4.846624709715001
5.0,-0.04227015664387864,0.0017867661426980376,8.29501504702314,6.951410506715508
6.0,0.8067059516306582,0.6507744923963258,4.888334836640601,4.1080586082660435
7.0,0.4079966116936498,0.16646123515349887,7.277762239932507,6.1682042063666875
