Datatype,R_mean,R_std,RMSE_mean,RMSE_std,num_of_data
SMILES,0.895699879958084,0.05632552651142484,0.069269575,0.023579352,681
