Datatype,R_mean,R_std,RMSE_mean,RMSE_std,num_of_data
SMILES,0.9299653901663695,0.041691303620357806,0.050010744,0.014916219,681
