fold,r,r2,rmse,mae
1.0,0.24331416014677076,0.05920178052792841,9.168809982005733,4.571677139898142
2.0,0.799618308372597,0.6393894390846535,3.7457187057421657,3.1016628530502315
3.0,0.6369986893894334,0.4057673302838558,6.206400019232525,3.678016314733596
4.0,0.3989517287534116,0.15916248187533572,5.253192828925262,3.3762285573729147
5.0,0.6192660573900157,0.3834904498353742,5.120755266094515,3.6565549238081325
6.0,0.7932403822896062,0.6292303040949606,6.056551397978085,3.8290575005916443
7.0,0.22613051477950322,0.051135009714443125,9.812651416295651,5.208489707427797
