Dataset,num_of_folds,Features,Targets,Model,r_mean,r_std,r2_mean,r2_std,rmse_mean,rmse_std,mae_mean,mae_std,num_of_data
Swelling_Xu,7,PS_manual_aug,SD,BRT,0.5925433862898327,0.19910990760305428,0.3907524199415187,0.21517484736330383,5.686832033397404,2.0003402118430977,3.67729564447633,0.9016928236779195,352
