fold,r,r2,rmse,mae
1.0,0.933104261393902,0.8706835626314594,0.3677382789943386,0.18396780811101254
2.0,0.8678650709084411,0.7531897813029135,0.4235552830565022,0.19172583881860897
3.0,0.9414609434208007,0.886348707986784,0.5861137154448991,0.28707706724306714
4.0,0.8447164868139492,0.7135459430953007,0.5826794904318587,0.2707524115809875
5.0,0.7675146723897365,0.5890787723335245,0.7443940694485537,0.3033176955180104
6.0,0.9239940233282843,0.85376495514639,0.4188029443361848,0.21653503745225922
