fold,r,r2,rmse,mae
1.0,0.6018978026218793,0.36228096480104677,0.6378357159619663,0.5041366001766613
2.0,0.4204881095838673,0.1768102503014144,0.7874556455612524,0.5817912814652368
3.0,0.5969522954366555,0.35635204302709206,1.2335448877776178,0.7978880093719607
4.0,0.5492423145109537,0.3016671200493494,0.9085796830528096,0.5938045709398249
5.0,0.48051777077504404,0.23089732803061777,1.0310789821170367,0.6406250190446986
6.0,0.5917339068494686,0.3501490165153356,0.8867685696191228,0.5880640625303319
