Datatype,R_mean,R_std,RMSE_mean,RMSE_std,num_of_data
SUM_OF_FRAGS,0.6693111508796421,0.06867974521819016,674.8194078201074,105.90067836508125,681
