Datatype,R_mean,R_std,RMSE_mean,RMSE_std,num_of_data
SUM_OF_FRAGS,0.964468502947117,0.003919928204396046,0.4362554816540922,0.028234607162141597,681
