Datatype,R_mean,R_std,RMSE_mean,RMSE_std,num_of_data
SUM_OF_FRAGS,0.9073713695922269,0.02582872226555985,0.27548858696749756,0.038251418217460934,681
