Datatype,R_mean,R_std,RMSE_mean,RMSE_std,num_of_data
SUM_OF_FRAGS,0.9296404368463934,0.03980493378747538,0.401549929529211,0.145236998775226,681
