Datatype,R_mean,R_std,RMSE_mean,RMSE_std,num_of_data
SUM_OF_FRAGS,0.9482463318946073,0.0155155846344326,0.3621424315092775,0.09914825384415327,681
