fold,r,r2,rmse,mae
1.0,0.9658251778827818,0.932818274232307,0.03215816323027676,0.016841807699508823
2.0,0.9788605281137862,0.9581679334992005,0.023479764087362544,0.013227734378200283
3.0,0.9529199846990638,0.908056497238864,0.03593349535309796,0.01632550997656604
4.0,0.9885769405897187,0.9772843674657282,0.021120727031655132,0.013939082005789168
5.0,0.9616479849031413,0.9247668468682723,0.04087069002181224,0.0206773159637572
6.0,0.985175070103443,0.9705699187533238,0.026724682197630287,0.0158534203986919
7.0,0.9887003643161261,0.9775284103988404,0.021420048245822693,0.01361896987336767
