fold,r,r2,rmse,mae
1.0,0.9854808279787595,0.9711724623137014,0.021305527269639506,0.011520081144418836
2.0,0.9880406096040931,0.9762242462268279,0.01803094257385209,0.009819773249609573
3.0,0.9583709451172547,0.9184748684449401,0.03397203088460111,0.014545464341096824
4.0,0.9909786802927686,0.9820387447947972,0.018509749971407537,0.01318218809328129
5.0,0.986190044395526,0.9725708036648496,0.02526853163649037,0.014906329238544272
6.0,0.9922089649556101,0.9844786301382831,0.01923861612090251,0.011860648541454267
7.0,0.9931261391851776,0.9862995283328567,0.017012237442048817,0.010913471623775078
