Dataset,num_of_folds,Features,Targets,Model,r_mean,r_std,r2_mean,r2_std,rmse_mean,rmse_std,mae_mean,mae_std,num_of_data
CO2_Soleimani,7,"Augmented_SMILES,T_K,P_Mpa",exp_CO2_sol_g_g,BRT,0.983915662498446,0.013661680192147665,0.9682766724154283,0.02659121697562676,0.02220604558981976,0.006857425200606244,0.011930322148554644,0.0021138708396402483,2521
