Datatype,R2_mean,R2_std,RMSE_mean,RMSE_std,MAE_mean,MAE_std,num_of_data
manual,0.9863511212199121,0.012194544633082982,0.014855595,0.004807049,0.008293307,0.0012449042,515
