fold,r,r2,rmse,mae
1.0,0.8480050057147364,0.7191124897172501,0.4851010112663172,0.29822541636833566
2.0,0.8642092813691679,0.7468576820046136,0.4301211866764881,0.19614111982282806
3.0,0.9302442182001339,0.8653543054947783,0.5903948908451114,0.336597392268087
4.0,0.9033785834443784,0.8160928650259717,0.44389793268302463,0.233476136969741
5.0,0.8229645345405826,0.6772706251115977,0.6947001988639014,0.21482237310875157
6.0,0.8958068848307115,0.8024699749101035,0.4772823435175763,0.2636487704273584
