fold,r,r2,rmse,mae
1.0,0.3531955722180705,0.12474711223445027,11.079980937248065,7.770832281190843
2.0,-0.20101094348442516,0.04040539940049877,10.812696546829063,7.671710805206587
3.0,-0.3209049601294777,0.10297999343570169,15.498163852732583,11.80477065603612
4.0,0.407667514271916,0.16619280219264285,6.742038803923255,5.785630608844379
5.0,0.07450849063842689,0.005551515177216548,8.251700835706407,6.416442994465594
6.0,0.6416797515750454,0.41175290358141203,6.585454984024067,5.16793687735285
7.0,0.4864194067203925,0.23660383923421865,7.042210375845727,5.857406837855066
