fold,r,r2,rmse,mae
1.0,0.5936286010156616,0.35239491594381156,2.7964813972482,2.1639385624429233
2.0,0.2995722230730963,0.08974351683695696,2.8386051360839093,2.1258224381425848
3.0,0.5760682493364523,0.33185462789356496,2.3559676607599087,1.8830906458413885
4.0,0.45549348321302785,0.20747431324953688,2.6304836410495356,1.9990927779309116
5.0,0.5153072019013974,0.26554151233144757,2.960418894321314,2.3566223352195785
