Dataset,num_of_folds,Features,Targets,Model,r_mean,r_std,r2_mean,r2_std,rmse_mean,rmse_std,mae_mean,mae_std,num_of_data
OPV_Min,5,Augmented_SMILES,calc_PCE_percent,RF,0.48801395170792705,0.1060384844736881,0.24940177725106358,0.09477892445199117,2.716391345892574,0.20889491989382072,2.105713351915477,0.1597990515923676,3330
