fold,r,r2,rmse,mae
1.0,0.638340382687515,0.40747844416964313,0.6276479816891993,0.507293257161724
2.0,0.5046122582773274,0.25463353120374416,0.7248896147202152,0.5505317654825156
3.0,0.6260663368088674,0.39195905808527415,1.1097174256224853,0.7244047397436284
4.0,0.5421822269836565,0.2939615672569572,0.8589768026369855,0.5644000462541632
5.0,0.47078922860724004,0.22164249777260012,1.0814366137154532,0.6645756591308232
6.0,0.6375939732010021,0.40652607466224017,0.8246245969199446,0.5666341443360354
